{"catData":
    [
        [{
            "id": null,
            "series_name": "GROWING PLANTS",
            "series_desc": "Beautiful photographs combined with easy-to-read text make this series a good choice for young aspiring botanists. This engaging series provides the right amount of information on how plants grow, why they need sun, and how plants are used in food, clothing, and medicine.",
            "series_table_name": "growingplants",
            "no_of_books": "8",
            "age_group": "3-6 Years",
            "banner_img": "E:\\xampp\\tmp\\phpE64E.tmp",
            "book_title": null,
            "book_path": null,
            "thumb_img": "https://littleprodigybooks.in/storage/app/public/uploads/img/kidscanrecycle/thumb/thumb_418.jpeg",
            "product_img": null,
            "product_details": null,
            "actual_price": null,
            "offer_price": null,
            "sale": null,
            "in_stock": null,
            "sku": null,
            "categories": null,
            "tags": null,
            "isbn": null,
            "description": null,
            "additional_info": null,
            "categories_id": null,
            "review": null,
            "created_at": null,
            "updated_at": null
        },
        {
            "id": null,
            "series_name": "HOW DID THAT GET TO MY TABLE",
            "series_desc": "In this series, readers are exposed to the key concepts of production, distribution, and consumption. Each book examines a product or service that kids see or use every day and follows it from raw material to finished goods. The series helps students understand the inter-connectedness of the environment in which they live.",
            "series_table_name": "howdidthatgettomytable",
            "no_of_books": "8",
            "age_group": "3-8 Years",
            "banner_img": "E:\\xampp\\tmp\\php9DB4.tmp",
            "book_title": null,
            "book_path": null,
            "thumb_img": "https://littleprodigybooks.in/storage/app/public/uploads/img/kidscanrecycle/thumb/thumb_418.jpeg",
            "product_img": null,
            "product_details": null,
            "actual_price": null,
            "offer_price": null,
            "sale": null,
            "in_stock": null,
            "sku": null,
            "categories": null,
            "tags": null,
            "isbn": null,
            "description": null,
            "additional_info": null,
            "categories_id": null,
            "review": null,
            "created_at": null,
            "updated_at": null
        },
        {
            "id": null,
            "series_name": "HOW DID THAT GET TO MY HOUSE",
            "series_desc": "Kids have so many questions. Where is the Internet? How does electricity work? Where does gas come from? How does water get into the house? This series provides readers with a scientific foundation to pique interest in the physical world in which we live.",
            "series_table_name": "howdidthatgettomyhouse",
            "no_of_books": "8",
            "age_group": "4-8 Years",
            "banner_img": "E:\\xampp\\tmp\\php4F42.tmp",
            "book_title": null,
            "book_path": null,
            "thumb_img": "https://littleprodigybooks.in/storage/app/public/uploads/img/kidscanrecycle/thumb/thumb_418.jpeg",
            "product_img": null,
            "product_details": null,
            "actual_price": null,
            "offer_price": null,
            "sale": null,
            "in_stock": null,
            "sku": null,
            "categories": null,
            "tags": null,
            "isbn": null,
            "description": null,
            "additional_info": null,
            "categories_id": null,
            "review": null,
            "created_at": null,
            "updated_at": null
        },
        {
            "id": null,
            "series_name": "CHARACTER EDUCATION",
            "series_desc": "This eight-book series teaches children about human values including respect, fairness, responsibility, and sportsmanship. The Character Education series is intended to help build a foundation for students to develop into morally responsible, self-disciplined citizens.",
            "series_table_name": "charactereducation",
            "no_of_books": "8",
            "age_group": "3-6 Years",
            "banner_img": "E:\\xampp\\tmp\\phpDD9E.tmp",
            "book_title": null,
            "book_path": null,
            "thumb_img": "https://littleprodigybooks.in/storage/app/public/uploads/img/kidscanrecycle/thumb/thumb_418.jpeg",
            "product_img": null,
            "product_details": null,
            "actual_price": null,
            "offer_price": null,
            "sale": null,
            "in_stock": null,
            "sku": null,
            "categories": null,
            "tags": null,
            "isbn": null,
            "description": null,
            "additional_info": null,
            "categories_id": null,
            "review": null,
            "created_at": null,
            "updated_at": null
        },
        {
            "id": null,
            "series_name": "HOW DOES THAT FLY?",
            "series_desc": "Kids are very interested in aviation and how things fly. In this series, bright, engaging photos and clear, inviting text will captivate young readers as they explore these wonderful flying machines. \r\nThe series contains a mix of aircraft from gliders, hot air balloons and blimps, to supersonic fighter planes and bombers, to helicopters and propeller planes. While the stunning photos draw students into the book, the text exposes them to the science of flight. This set will be a winner for both avid and hard-to-reach readers.",
            "series_table_name": "howdoesthatfly",
            "no_of_books": "8",
            "age_group": "3-5 Years",
            "banner_img": "E:\\xampp\\tmp\\php4921.tmp",
            "book_title": null,
            "book_path": null,
            "thumb_img": "https://littleprodigybooks.in/storage/app/public/uploads/img/kidscanrecycle/thumb/thumb_418.jpeg",
            "product_img": null,
            "product_details": null,
            "actual_price": null,
            "offer_price": null,
            "sale": null,
            "in_stock": null,
            "sku": null,
            "categories": null,
            "tags": null,
            "isbn": null,
            "description": null,
            "additional_info": null,
            "categories_id": null,
            "review": null,
            "created_at": null,
            "updated_at": null
        }],
      [
        {
            "id": "1",
            "series_name": "KIDS CAN RE-CYCLE",
            "series_desc": "Children from 2-11 can understand moral habits and other essentials through pictures and info-graphics to understand relationships and boundaries within their environment. The 21st Century Basic Skills readers support the development of reading skills as they introduce students to vocabulary and content they will use for a lifetime. Let your young readers discover the joy of recycling in such a young age as they build reading fluency.",
            "series_table_name": "kidscanrecycle",
            "no_of_books": "6",
            "age_group": "3-5 Years",
            "banner_img": "E:\\xampp\\tmp\\phpFAD7.tmp",
            "book_title": "Kids Can Keep Air Clean",
            "book_path": "book_14611.pdf",
            "thumb_img": "https://littleprodigybooks.in/storage/app/public/uploads/img/kidscanrecycle/thumb/thumb_418.jpeg",
            "product_img": null,
            "product_details": "Kids-Can-Air-Clean",
            "actual_price": "240",
            "offer_price": "135",
            "sale": "No",
            "in_stock": "yes",
            "sku": "14611",
            "categories": "Kids-Can-Air-Clean",
            "tags": "Kids-Can-Air-Clean",
            "isbn": null,
            "description": "Kids-Can-Air-Clean",
            "additional_info": "Kids-Can-Air-Clean",
            "categories_id": "1",
            "review": "0",
            "created_at": null,
            "updated_at": "2020-10-15 11:40:55"
        },
        {
            "id": "2",
            "series_name": "KIDS CAN RE-CYCLE",
            "series_desc": "Children from 2-11 can understand moral habits and other essentials through pictures and info-graphics to understand relationships and boundaries within their environment. The 21st Century Basic Skills readers support the development of reading skills as they introduce students to vocabulary and content they will use for a lifetime. Let your young readers discover the joy of recycling in such a young age as they build reading fluency.",
            "series_table_name": "kidscanrecycle",
            "no_of_books": "6",
            "age_group": "3-5 Years",
            "banner_img": "E:\\xampp\\tmp\\phpFAD7.tmp",
            "book_title": "Kids Can Clean Up Trash",
            "book_path": "book_415.pdf",
            "thumb_img": "https://littleprodigybooks.in/storage/app/public/uploads/img/kidscanrecycle/thumb/thumb_418.jpeg",
            "product_img": null,
            "product_details": "kids-can-clean-up-trash",
            "actual_price": "240",
            "offer_price": "135",
            "sale": "Yes",
            "in_stock": "1000",
            "sku": "415",
            "categories": "Habits and Essentials, Picture Books",
            "tags": "Kids Can Clean up Trash",
            "isbn": null,
            "description": "Level 3 guided reader that teaches kids the importance of cleaning up trash and the impact that has on keeping the earth clean.",
            "additional_info": "Weight: 9.6 g, Dimensions: 8.25 × 8.25 × 4 cm",
            "categories_id": "1",
            "review": "0",
            "created_at": null,
            "updated_at": "2020-09-09 20:39:52"
        },
        {
            "id": "15",
            "series_name": "KIDS CAN RE-CYCLE",
            "series_desc": "Children from 2-11 can understand moral habits and other essentials through pictures and info-graphics to understand relationships and boundaries within their environment. The 21st Century Basic Skills readers support the development of reading skills as they introduce students to vocabulary and content they will use for a lifetime. Let your young readers discover the joy of recycling in such a young age as they build reading fluency.",
            "series_table_name": "kidscanrecycle",
            "no_of_books": "6",
            "age_group": "3-5 Years",
            "banner_img": "E:\\xampp\\tmp\\phpFAD7.tmp",
            "book_title": "Kids Can Keep Water Clean",
            "book_path": "book_417.pdf",
            "thumb_img": "https://littleprodigybooks.in/storage/app/public/uploads/img/kidscanrecycle/thumb/thumb_418.jpeg",
            "product_img": null,
            "product_details": "Age : 3 and up, Series: Language Arts Explorer: Habits and Essentials, No pf Pages: 24 pages, Publisher: Aries Books International. (January 1, 2019), Author: Cecilia Minden, Language: English, Copyright: 2019, Graphics: Full Color Photographs",
            "actual_price": "240",
            "offer_price": "135",
            "sale": "Yes",
            "in_stock": "1000",
            "sku": "417",
            "categories": "Habits and Essentials, Picture Books",
            "tags": "Kids Can Keep Water Clean",
            "isbn": null,
            "description": "Level 3 guided reader that helps teach students the importance of keeping water clean and gives practical ideas on things they can do to pitch in.",
            "additional_info": "Weight\t9.6 g, Dimensions 8.25 × 8.25 × 4 cm",
            "categories_id": "1",
            "review": "0",
            "created_at": "2020-08-10 05:17:07",
            "updated_at": "2020-09-09 20:39:57"
        },
        {
            "id": "16",
            "series_name": "KIDS CAN RE-CYCLE",
            "series_desc": "Children from 2-11 can understand moral habits and other essentials through pictures and info-graphics to understand relationships and boundaries within their environment. The 21st Century Basic Skills readers support the development of reading skills as they introduce students to vocabulary and content they will use for a lifetime. Let your young readers discover the joy of recycling in such a young age as they build reading fluency.",
            "series_table_name": "kidscanrecycle",
            "no_of_books": "6",
            "age_group": "3-5 Years",
            "banner_img": "E:\\xampp\\tmp\\phpFAD7.tmp",
            "book_title": "Kids Can Recycle",
            "book_path": "book_418.pdf",
            "thumb_img": "https://littleprodigybooks.in/storage/app/public/uploads/img/kidscanrecycle/thumb/thumb_418.jpeg",
            "product_img": null,
            "product_details": "Age : 3 and up, Series: Language Arts Explorer: Habits and Essentials, No pf Pages: 24 pages, Publisher: Aries Books International. (January 1, 2019), Author: Cecilia Minden, Language: English, Copyright: 2019, Graphics: Full Color Photographs",
            "actual_price": "240",
            "offer_price": "135",
            "sale": "Yes",
            "in_stock": "1000",
            "sku": "418",
            "categories": "Habits and Essentials, Picture Books, Save the Planet",
            "tags": "Kids Can Recycle",
            "isbn": null,
            "description": "Level 3 guided reader that helps educate young readers on the importance of recycling and what they can do to help protect the earth’s resources.",
            "additional_info": "Weight\t9.6 g, Dimensions 8.25 × 8.25 × 4 cm",
            "categories_id": "1",
            "review": "0",
            "created_at": "2020-08-10 05:21:55",
            "updated_at": "2020-09-09 20:40:05"
        }],
        [{
            "id": "17",
            "series_name": "KIDS CAN RE-CYCLE",
            "series_desc": "Children from 2-11 can understand moral habits and other essentials through pictures and info-graphics to understand relationships and boundaries within their environment. The 21st Century Basic Skills readers support the development of reading skills as they introduce students to vocabulary and content they will use for a lifetime. Let your young readers discover the joy of recycling in such a young age as they build reading fluency.",
            "series_table_name": "kidscanrecycle",
            "no_of_books": "6",
            "age_group": "3-5 Years",
            "banner_img": "E:\\xampp\\tmp\\phpFAD7.tmp",
            "book_title": "Kids Can Reuse",
            "book_path": "book_419.pdf",
            "thumb_img": "https://littleprodigybooks.in/storage/app/public/uploads/img/kidscanrecycle/thumb/thumb_418.jpeg", 
            "product_img": null,
            "product_details": "Age : 3 and up, Series: Language Arts Explorer: Habits and Essentials, No pf Pages: 24 pages, Publisher: Aries Books International. (January 1, 2019), Author:Cecilia Minden, Language: English, Copyright: 2019, Graphics: Full Color Photographs",
            "actual_price": "240",
            "offer_price": "135",
            "sale": "Yes",
            "in_stock": "1000",
            "sku": "419",
            "categories": "Save the Planet, Habits and Essentials, Picture Books",
            "tags": "Kids Can Reuse",
            "isbn": null,
            "description": "Level 3 guided reader that helps educate young readers on the importance of reusing items and the role that plays in saving the earth’s resources.",
            "additional_info": "Weight\t9.6 g, Dimensions 8.25 × 8.25 × 4 cm",
            "categories_id": "1",
            "review": "0",
            "created_at": "2020-08-10 05:24:23",
            "updated_at": "2020-09-09 20:40:14"
        },
        {
            "id": "19",
            "series_name": "KIDS CAN RE-CYCLE",
            "series_desc": "Children from 2-11 can understand moral habits and other essentials through pictures and info-graphics to understand relationships and boundaries within their environment. The 21st Century Basic Skills readers support the development of reading skills as they introduce students to vocabulary and content they will use for a lifetime. Let your young readers discover the joy of recycling in such a young age as they build reading fluency.",
            "series_table_name": "kidscanrecycle",
            "no_of_books": "6",
            "age_group": "3-5 Years",
            "banner_img": "E:\\xampp\\tmp\\phpFAD7.tmp",
            "book_title": "Kids Can Use Less",
            "book_path": "book_420.pdf",
            "thumb_img": "https://littleprodigybooks.in/storage/app/public/uploads/img/kidscanrecycle/thumb/thumb_418.jpeg",
            "product_img": null,
            "product_details": "Age : 3 and up, Series: Language Arts Explorer: Habits and Essentials, No pf Pages: 24 pages, Publisher: Aries Books International. (January 1, 2019), Author: Cecilia Minden, Language: English, Copyright: 2019, Graphics: Full Color Photographs",
            "actual_price": "240",
            "offer_price": "135",
            "sale": "Yes",
            "in_stock": "1000",
            "sku": "420",
            "categories": "Habits and Essentials, Picture Books",
            "tags": "Kids Can Use Less",
            "isbn": null,
            "description": "Level 3 guided reader that helps kids understand the importance of consuming less and the impact that has on keeping the earth healthy.",
            "additional_info": "Weight : 9.6 g, Dimensions : 8.25 × 8.25 × 4 cm",
            "categories_id": "1",
            "review": "0",
            "created_at": "2020-08-13 07:44:57",
            "updated_at": "2020-09-09 20:40:20"
        },
        {
            "id": null,
            "series_name": "WHAT'S YOUR HEALTHY PLATE",
            "series_desc": "This new picture series highlights what is your healthy plate for children? Age 3-5! By introducing dairy, Fruits, Vegetables, Essential grains, Protein, Oil & Fats This leveled reader helps the young child understand the importance of their healthy plate as a part of a balanced diet.",
            "series_table_name": "whatsyourhealthyplate",
            "no_of_books": "6",
            "age_group": "3-5 Years",
            "banner_img": "E:\\xampp\\tmp\\phpF7A9.tmp",
            "book_title": null,
            "book_path": null,
            "thumb_img": "https://littleprodigybooks.in/storage/app/public/uploads/img/kidscanrecycle/thumb/thumb_418.jpeg",
            "product_img": null,
            "product_details": null,
            "actual_price": null,
            "offer_price": null,
            "sale": null,
            "in_stock": null,
            "sku": null,
            "categories": null,
            "tags": null,
            "isbn": null,
            "description": null,
            "additional_info": null,
            "categories_id": null,
            "review": null,
            "created_at": null,
            "updated_at": null
        },
        {
            "id": null,
            "series_name": "PICTURE BOOKS",
            "series_desc": "A Picture Book combines visual and verbal narratives in a book format, most often aimed at young children from 3-5. The images in picture books use a range of media such as oil paints, acrylics, watercolor, and pencil. Picture books tend to have two functions in the lives of children: they are first read to young children by adults, and then children read them themselves once they begin learning to read",
            "series_table_name": "picturebooks",
            "no_of_books": "25",
            "age_group": "3-5 Years",
            "banner_img": "E:\\xampp\\tmp\\php879.tmp",
            "book_title": null,
            "book_path": null,
            "thumb_img": "https://littleprodigybooks.in/storage/app/public/uploads/img/kidscanrecycle/thumb/thumb_418.jpeg",
            "product_img": null,
            "product_details": null,
            "actual_price": null,
            "offer_price": null,
            "sale": null,
            "in_stock": null,
            "sku": null,
            "categories": null,
            "tags": null,
            "isbn": null,
            "description": null,
            "additional_info": null,
            "categories_id": null,
            "review": null,
            "created_at": null,
            "updated_at": null
        },
        {
            "id": null,
            "series_name": "PLANETS SERIES",
            "series_desc": "The 21st Century Junior Library: Solar System series introduces young readers to the wonders of the planets in our solar system. Through engaging text and dramatic full-color photographs and spacecraft images, students will be taken on a fascinating tour of our solar system’s eight planets and their moons. Each book contains information about the planet including its relationship to the sun and other planets, key characteristics, history, and other fun, relevant facts.",
            "series_table_name": "planetsseries",
            "no_of_books": "8",
            "age_group": "4-10 Years",
            "banner_img": "E:\\xampp\\tmp\\php894.tmp",
            "book_title": null,
            "book_path": null,
            "thumb_img": "https://littleprodigybooks.in/storage/app/public/uploads/img/kidscanrecycle/thumb/thumb_418.jpeg",
            "product_img": null,
            "product_details": null,
            "actual_price": null,
            "offer_price": null,
            "sale": null,
            "in_stock": null,
            "sku": null,
            "categories": null,
            "tags": null,
            "isbn": null,
            "description": null,
            "additional_info": null,
            "categories_id": null,
            "review": null,
            "created_at": null,
            "updated_at": null
        }]
    ]
    
}