{
    "data" : [
        {
            "question": "What is E-Book- Home Education?",
            "answer":"E-book- Home Education is a Skill Library reading Platform which will enable Children to learn Habits & Essentials for the age group of 3-15 years. The Series is filled with Pictures and Activities that will help children read and think outside the Box. The Little Prodigy Home Library series has a total of 30 Series consisting of 475 Books. For more in-depth information, Check our Catalogue on the right bottom side of your page in Blue above the chat"
        },
        {
            "question": "Can I See a Demo before taking a decision?",
            "answer":"The Trial-Version is located under the Little Prodigy Menu in the Home page, also located by scrolling below to the Black menu under Information. You will find 30 (up to 10 pages) of our books . It will be useful for Parents &amp; Teachers to understand what kind of E-Book material little prodigy is offering and research the topics before purchase."
        },
        {
            "question": "How do I Use the E-book-Portal?",
            "answer":"To Start off: Simply go the E-books-Home Education Page  and click on any of the 30 Series to see our library of books – Click and wait for the Flipbook to load and start reading."
        },
        {
            "question": "What is a Product Box? ",
            "answer":"A product box a bundled service from little prodigy book-store, it is of 4 types, The King, The Queen, The Knight and the Great Warden Boxes. The King’s Box will entitle you to select 10 books to your product boxes, Queen 20 books, Knight 30 books and the great Warden box 40 books for an offer price given every month \n A product box a bundled service from little prodigy book-store, it is of 4 types, The King, The Queen, The Knight and the Great Warden Boxes. The King’s Box will entitle you to select 10 books to your product boxes, Queen 20 books, Knight 30 books and the great Warden box 40 books for an offer price given every month"
        },
        {
            "question": "How to use the Product box?",
            "answer":"Click offers up to 50 percent in the homepage, select a product box, which you want to purchase, wait for the page to load then select books from the categories above, there 10 categories in black above which are buttons which are to be clicked to see what books are displayed as offers. Select books from the categories to your product boxes and then check out accordingly."
        },
        {
            "question": "Who pays for Shipping?",
            "answer":"Shipping is always 100% free and it’s completely our responsibility to make sure the product reaches the address you have registered with us absolutely free of cost!"
        },
        {
            "question": "What if I want to ship my items through a different carrier?",
            "answer":"We will gladly accept your packages no matter how you decide to get it shipped. However if you decide not to use our free shipping label, you will be responsible for the shipping costs. Also all items must be given to a carrier within 2 days of placing an order"
        },
        {
            "question": "Should I pay for insurance on my package of books?",
            "answer":"Insurance is included with our pre-paid shipping label up to 4000 Rs"
        },
        {
            "question": "What happens if I don't include some of the books on the packing slip?",
            "answer":"We'll contact you via email to confirm that the books were not shipped. If you purchased insurance and your package is missing books we will work with you to recover the cost of the books from the postal service. Only the sender of items (in this case, you) can recover the cost from the postal service. We will by providing an accurate accounting of the value. "
        },
        {
            "question": "What happens if you don't receive my books?",
            "answer":"If we can verify that you shipped out the items and you used our free label - we will file a claim on your behalf with the shipping carrier."
        },
        {
            "question": "How long do I have after I mail my books to ship them to you?",
            "answer":"All items must be given to a carrier within 2 days of placing an order."
        }
    ]
}